name,operator,city,state,full_address,suggested_query_1,suggested_query_2,suggested_query_3
Data CentersUSAIllinoisChicago,Chicago Data Centers,"To find other data center locations and colocation, cloud or connectivity providers in Illinois, please click here.",IL,"Below you will find locations of 183 data centers in Chicago, Illinois., To find other data center locations and colocation, cloud or connectivity providers in Illinois, please click here., IL, USA","""Data CentersUSAIllinoisChicago"" ""Chicago Data Centers"" ""opening""","""Data CentersUSAIllinoisChicago"" ""To find other data center locations and colocation, cloud or connectivity providers in Illinois, please click here."" ""data center"" ""announced""","""Chicago Data Centers"" ""To find other data center locations and colocation, cloud or connectivity providers in Illinois, please click here."" ""facility"" ""commissioned"""
Digital Realty,Digital Realty brings companies and data together in bold new ways in Illinois,Digital Realty,IL,"350 East Cermak Road (ORD10), Digital Realty, IL, USA","""Digital Realty"" ""Digital Realty brings companies and data together in bold new ways in Illinois"" ""opening""","""Digital Realty"" ""Digital Realty"" ""data center"" ""announced""","""Digital Realty brings companies and data together in bold new ways in Illinois"" ""Digital Realty"" ""facility"" ""commissioned"""
600 S. Federal St. (ORD11),Digital Realty,Chicago,IL,"600 South Federal Street, Chicago, IL, 60605, USA","""600 S. Federal St. (ORD11)"" ""Digital Realty"" ""opening""","""600 S. Federal St. (ORD11)"" ""Chicago"" ""data center"" ""announced""","""Digital Realty"" ""Chicago"" ""facility"" ""commissioned"""
505 N. Railroad Avenue (ORD23),Digital Realty,Northlake,IL,"505 North Railroad Avenue, Northlake, IL, 60164, USA","""505 N. Railroad Avenue (ORD23)"" ""Digital Realty"" ""opening""","""505 N. Railroad Avenue (ORD23)"" ""Northlake"" ""data center"" ""announced""","""Digital Realty"" ""Northlake"" ""facility"" ""commissioned"""
2200 Busse Road (CH1),Digital Realty,Elk Grove Village,IL,"2200 Busse Road, Elk Grove Village, IL, 60007, USA","""2200 Busse Road (CH1)"" ""Digital Realty"" ""opening""","""2200 Busse Road (CH1)"" ""Elk Grove Village"" ""data center"" ""announced""","""Digital Realty"" ""Elk Grove Village"" ""facility"" ""commissioned"""
9333 Grand Avenue (ORD12),Digital Realty,Franklin Park,IL,"9333 Grand Ave, Franklin Park, IL, 60131, USA","""9333 Grand Avenue (ORD12)"" ""Digital Realty"" ""opening""","""9333 Grand Avenue (ORD12)"" ""Franklin Park"" ""data center"" ""announced""","""Digital Realty"" ""Franklin Park"" ""facility"" ""commissioned"""
9355 Grand Ave (ORD13),Digital Realty,Franklin Park,IL,"9355 Grand Ave, Franklin Park, IL, 60131, USA","""9355 Grand Ave (ORD13)"" ""Digital Realty"" ""opening""","""9355 Grand Ave (ORD13)"" ""Franklin Park"" ""data center"" ""announced""","""Digital Realty"" ""Franklin Park"" ""facility"" ""commissioned"""
9377 Grand Ave (ORD14),Digital Realty,Franklin Park,IL,"9377 Grand Ave, Franklin Park, IL, 60131, USA","""9377 Grand Ave (ORD14)"" ""Digital Realty"" ""opening""","""9377 Grand Ave (ORD14)"" ""Franklin Park"" ""data center"" ""announced""","""Digital Realty"" ""Franklin Park"" ""facility"" ""commissioned"""
1400 East Devon Avenue (CH3),Digital Realty,Elk Grove Village,IL,"1400 East Devon Avenue, Elk Grove Village, IL, 60007, USA","""1400 East Devon Avenue (CH3)"" ""Digital Realty"" ""opening""","""1400 East Devon Avenue (CH3)"" ""Elk Grove Village"" ""data center"" ""announced""","""Digital Realty"" ""Elk Grove Village"" ""facility"" ""commissioned"""
2425-2553 Edgington Street (ORD22),Digital Realty,Franklin Park,IL,"2425-2553 Edgington St, Franklin Park, IL, 60131, USA","""2425-2553 Edgington Street (ORD22)"" ""Digital Realty"" ""opening""","""2425-2553 Edgington Street (ORD22)"" ""Franklin Park"" ""data center"" ""announced""","""Digital Realty"" ""Franklin Park"" ""facility"" ""commissioned"""
2299 Busse Road (CH2),Digital Realty,Elk Grove Village,IL,"2299 Busse Road, Elk Grove Village, IL, 60007, USA","""2299 Busse Road (CH2)"" ""Digital Realty"" ""opening""","""2299 Busse Road (CH2)"" ""Elk Grove Village"" ""data center"" ""announced""","""Digital Realty"" ""Elk Grove Village"" ""facility"" ""commissioned"""
9401 West Grand Avenue (ORD15),Digital Realty,Franklin Park,IL,"9401 W Grand Ave, Franklin Park, IL, 60131, USA","""9401 West Grand Avenue (ORD15)"" ""Digital Realty"" ""opening""","""9401 West Grand Avenue (ORD15)"" ""Franklin Park"" ""data center"" ""announced""","""Digital Realty"" ""Franklin Park"" ""facility"" ""commissioned"""
Hivelocity - Chicago 1,Hivelocity,Chicago,IL,"350 East Cermak Road, Chicago, IL, 60616, USA","""Hivelocity - Chicago 1"" ""Hivelocity"" ""opening""","""Hivelocity - Chicago 1"" ""Chicago"" ""data center"" ""announced""","""Hivelocity"" ""Chicago"" ""facility"" ""commissioned"""
CyrusOne CHI5 - Lombard,CyrusOne Data Centers,Lombard,IL,"1850 Springers Drive, Lombard, IL, 60148, USA","""CyrusOne CHI5 - Lombard"" ""CyrusOne Data Centers"" ""opening""","""CyrusOne CHI5 - Lombard"" ""Lombard"" ""data center"" ""announced""","""CyrusOne Data Centers"" ""Lombard"" ""facility"" ""commissioned"""
CyrusOne CHI2 - Aurora,CyrusOne Data Centers,Aurora,IL,"2805 Diehl Rd, Aurora, IL, 60502, USA","""CyrusOne CHI2 - Aurora"" ""CyrusOne Data Centers"" ""opening""","""CyrusOne CHI2 - Aurora"" ""Aurora"" ""data center"" ""announced""","""CyrusOne Data Centers"" ""Aurora"" ""facility"" ""commissioned"""
Summit Elk Grove Village,Summit (formerly Deft),Elk Grove Village,IL,"2200 Busse Rd, Elk Grove Village, IL, 60007, USA","""Summit Elk Grove Village"" ""Summit (formerly Deft)"" ""opening""","""Summit Elk Grove Village"" ""Elk Grove Village"" ""data center"" ""announced""","""Summit (formerly Deft)"" ""Elk Grove Village"" ""facility"" ""commissioned"""
Centersquare - Chicago ORD4-A,Csquare,Lisle,IL,"4513 Western Ave, Lisle, IL, 60532, USA","""Centersquare - Chicago ORD4-A"" ""Csquare"" ""opening""","""Centersquare - Chicago ORD4-A"" ""Lisle"" ""data center"" ""announced""","""Csquare"" ""Lisle"" ""facility"" ""commissioned"""
T5 Data Centers - T5@Chicago,T5 Data Centers,Elk Grove Village,IL,"200 Innovation Dr, Elk Grove Village, IL, 60007, USA","""T5 Data Centers - T5@Chicago"" ""T5 Data Centers"" ""opening""","""T5 Data Centers - T5@Chicago"" ""Elk Grove Village"" ""data center"" ""announced""","""T5 Data Centers"" ""Elk Grove Village"" ""facility"" ""commissioned"""
Serverfarm Chicago Data Center CH1,Serverfarm,Chicago,IL,"840 S. Canal Street, Chicago, IL, 60607, USA","""Serverfarm Chicago Data Center CH1"" ""Serverfarm"" ""opening""","""Serverfarm Chicago Data Center CH1"" ""Chicago"" ""data center"" ""announced""","""Serverfarm"" ""Chicago"" ""facility"" ""commissioned"""
Netrality - 717 S Wells,Netrality,Chicago,IL,"717 S. Wells, Chicago, IL, 60607, USA","""Netrality - 717 S Wells"" ""Netrality"" ""opening""","""Netrality - 717 S Wells"" ""Chicago"" ""data center"" ""announced""","""Netrality"" ""Chicago"" ""facility"" ""commissioned"""
Prime Chicago Data Center Campus,Prime Data Centers,Elk Grove Village,IL,"1701 Midway Ct, Elk Grove Village, IL, 60007, USA","""Prime Chicago Data Center Campus"" ""Prime Data Centers"" ""opening""","""Prime Chicago Data Center Campus"" ""Elk Grove Village"" ""data center"" ""announced""","""Prime Data Centers"" ""Elk Grove Village"" ""facility"" ""commissioned"""
Prime Chicago - Building 3,Prime Data Centers,Elk Grove Village,IL,"1701 Midway Court, Elk Grove Village, IL, 60007, USA","""Prime Chicago - Building 3"" ""Prime Data Centers"" ""opening""","""Prime Chicago - Building 3"" ""Elk Grove Village"" ""data center"" ""announced""","""Prime Data Centers"" ""Elk Grove Village"" ""facility"" ""commissioned"""
Prime Chicago - Building 1,Prime Data Centers,Elk Grove Village,IL,"1500 E Higgins Rd, Elk Grove Village, IL 60007, USA, Elk Grove Village, IL, 60007, USA","""Prime Chicago - Building 1"" ""Prime Data Centers"" ""opening""","""Prime Chicago - Building 1"" ""Elk Grove Village"" ""data center"" ""announced""","""Prime Data Centers"" ""Elk Grove Village"" ""facility"" ""commissioned"""
Summit Chicago,Summit (formerly Deft),Chicago,IL,"350 East Cermak Road, Chicago, IL, 60616, USA","""Summit Chicago"" ""Summit (formerly Deft)"" ""opening""","""Summit Chicago"" ""Chicago"" ""data center"" ""announced""","""Summit (formerly Deft)"" ""Chicago"" ""facility"" ""commissioned"""
Iron Mountain Data Centers CHI-1,Iron Mountain Data Centers,Des Plaines,IL,"1680 Touhy Avenue, Des Plaines, IL, 60018, USA","""Iron Mountain Data Centers CHI-1"" ""Iron Mountain Data Centers"" ""opening""","""Iron Mountain Data Centers CHI-1"" ""Des Plaines"" ""data center"" ""announced""","""Iron Mountain Data Centers"" ""Des Plaines"" ""facility"" ""commissioned"""
Colocation America CHIDC1,Colocation America,Chicago,IL,"350 E. Cermak Rd, Chicago, IL, 60616, USA","""Colocation America CHIDC1"" ""Colocation America"" ""opening""","""Colocation America CHIDC1"" ""Chicago"" ""data center"" ""announced""","""Colocation America"" ""Chicago"" ""facility"" ""commissioned"""
CyrusOne CHI1 - Aurora,CyrusOne Data Centers,Lombard,IL,"2905 Diehl Rd., Lombard, IL, 60148, USA","""CyrusOne CHI1 - Aurora"" ""CyrusOne Data Centers"" ""opening""","""CyrusOne CHI1 - Aurora"" ""Lombard"" ""data center"" ""announced""","""CyrusOne Data Centers"" ""Lombard"" ""facility"" ""commissioned"""
Legacy - Chicago Byte Exchange,Legacy Investing,Chicago,IL,"400 S LaSalle St, Chicago, IL, 60605, USA","""Legacy - Chicago Byte Exchange"" ""Legacy Investing"" ""opening""","""Legacy - Chicago Byte Exchange"" ""Chicago"" ""data center"" ""announced""","""Legacy Investing"" ""Chicago"" ""facility"" ""commissioned"""
Prime Chicago - Building 2,Prime Data Centers,Elk Grove Village,IL,"1600 Oakton St, Elk Grove Village, IL, 60007, USA","""Prime Chicago - Building 2"" ""Prime Data Centers"" ""opening""","""Prime Chicago - Building 2"" ""Elk Grove Village"" ""data center"" ""announced""","""Prime Data Centers"" ""Elk Grove Village"" ""facility"" ""commissioned"""
Apotech Data Center,Apotech,Mt Prospect,IL,"1331 E Business Center Dr, Mt Prospect, IL, 60056, USA","""Apotech Data Center"" ""Apotech"" ""opening""","""Apotech Data Center"" ""Mt Prospect"" ""data center"" ""announced""","""Apotech"" ""Mt Prospect"" ""facility"" ""commissioned"""
TierPoint Chicago - Polk,TierPoint,Chicago,IL,"601 W. Polk St., Chicago, IL, 60607, USA","""TierPoint Chicago - Polk"" ""TierPoint"" ""opening""","""TierPoint Chicago - Polk"" ""Chicago"" ""data center"" ""announced""","""TierPoint"" ""Chicago"" ""facility"" ""commissioned"""
Element Critical Chicago One,Element Critical,Wood Dale,IL,"711 N. Edgewood Ave., Wood Dale, IL, 60191, USA","""Element Critical Chicago One"" ""Element Critical"" ""opening""","""Element Critical Chicago One"" ""Wood Dale"" ""data center"" ""announced""","""Element Critical"" ""Wood Dale"" ""facility"" ""commissioned"""
Skybox Chicago I,Skybox Datacenters,Elk Grove Village,IL,"800 E Devon Ave, Elk Grove Village, IL, 60007, USA","""Skybox Chicago I"" ""Skybox Datacenters"" ""opening""","""Skybox Chicago I"" ""Elk Grove Village"" ""data center"" ""announced""","""Skybox Datacenters"" ""Elk Grove Village"" ""facility"" ""commissioned"""
DataBank ORD4 - Chicago Tri-State,DataBank,Oak Brook,IL,"1808 Swift Dr, Oak Brook, IL, 60523, USA","""DataBank ORD4 - Chicago Tri-State"" ""DataBank"" ""opening""","""DataBank ORD4 - Chicago Tri-State"" ""Oak Brook"" ""data center"" ""announced""","""DataBank"" ""Oak Brook"" ""facility"" ""commissioned"""
DataBank ORD3 - Mount Prospect,DataBank,Mt. Prospect,IL,"800 E Business Center Dr, Mt. Prospect, IL, 60056, USA","""DataBank ORD3 - Mount Prospect"" ""DataBank"" ""opening""","""DataBank ORD3 - Mount Prospect"" ""Mt. Prospect"" ""data center"" ""announced""","""DataBank"" ""Mt. Prospect"" ""facility"" ""commissioned"""
Cogent Data Center - Chicago 1,"Cogent Communications, Inc.",Chicago,IL,"427 LaSalle St, Chicago, IL, 60606, USA","""Cogent Data Center - Chicago 1"" ""Cogent Communications, Inc."" ""opening""","""Cogent Data Center - Chicago 1"" ""Chicago"" ""data center"" ""announced""","""Cogent Communications, Inc."" ""Chicago"" ""facility"" ""commissioned"""
Cogent Data Center - Chicago 2,"Cogent Communications, Inc.",Chicago,IL,"216 W. Jackson Blvd, Chicago, IL, 60606, USA","""Cogent Data Center - Chicago 2"" ""Cogent Communications, Inc."" ""opening""","""Cogent Data Center - Chicago 2"" ""Chicago"" ""data center"" ""announced""","""Cogent Communications, Inc."" ""Chicago"" ""facility"" ""commissioned"""
Element Critical Chicago Two,Element Critical,Wood Dale,IL,"341 Haynes Dr, Wood Dale, IL, 60191, USA","""Element Critical Chicago Two"" ""Element Critical"" ""opening""","""Element Critical Chicago Two"" ""Wood Dale"" ""data center"" ""announced""","""Element Critical"" ""Wood Dale"" ""facility"" ""commissioned"""
Colocation America CHIDC4,Colocation America,Oak Brook,IL,"1808 Swift Dr., Oak Brook, IL, 60523, USA","""Colocation America CHIDC4"" ""Colocation America"" ""opening""","""Colocation America CHIDC4"" ""Oak Brook"" ""data center"" ""announced""","""Colocation America"" ""Oak Brook"" ""facility"" ""commissioned"""
Equinix CH4,Equinix,Chicago,IL,"350 E Cermak Rd, Chicago, IL, 60616, USA","""Equinix CH4"" ""Equinix"" ""opening""","""Equinix CH4"" ""Chicago"" ""data center"" ""announced""","""Equinix"" ""Chicago"" ""facility"" ""commissioned"""
TierPoint Chicago - West,TierPoint,Franklin Park,IL,"9333 West Grand Ave., Franklin Park, IL, 60131, USA","""TierPoint Chicago - West"" ""TierPoint"" ""opening""","""TierPoint Chicago - West"" ""Franklin Park"" ""data center"" ""announced""","""TierPoint"" ""Franklin Park"" ""facility"" ""commissioned"""
Equinix CH7,Equinix,Westmont,IL,"111 Plaza Drive, Westmont, IL, 60559, USA","""Equinix CH7"" ""Equinix"" ""opening""","""Equinix CH7"" ""Westmont"" ""data center"" ""announced""","""Equinix"" ""Westmont"" ""facility"" ""commissioned"""
US Signal Chicago IL01,"US Signal Company, LLC",Oak Brook,IL,"810 Jorie Blvd, Oak Brook, IL, 60523, USA","""US Signal Chicago IL01"" ""US Signal Company, LLC"" ""opening""","""US Signal Chicago IL01"" ""Oak Brook"" ""data center"" ""announced""","""US Signal Company, LLC"" ""Oak Brook"" ""facility"" ""commissioned"""
STACK Infrastructure CHI01B,STACK INFRASTRUCTURE,Elk Grove Village,IL,"1301 Touhy Ave, Elk Grove Village, IL, 60007, USA","""STACK Infrastructure CHI01B"" ""STACK INFRASTRUCTURE"" ""opening""","""STACK Infrastructure CHI01B"" ""Elk Grove Village"" ""data center"" ""announced""","""STACK INFRASTRUCTURE"" ""Elk Grove Village"" ""facility"" ""commissioned"""
DataBank ORD2 - Chicago,DataBank,Chicago,IL,"840 S Canal St, Chicago, IL, 60607, USA","""DataBank ORD2 - Chicago"" ""DataBank"" ""opening""","""DataBank ORD2 - Chicago"" ""Chicago"" ""data center"" ""announced""","""DataBank"" ""Chicago"" ""facility"" ""commissioned"""
DataBank ORD1 - Downtown Chicago,DataBank,Chicago,IL,"600 S Federal St, Chicago, IL, 60605, USA","""DataBank ORD1 - Downtown Chicago"" ""DataBank"" ""opening""","""DataBank ORD1 - Downtown Chicago"" ""Chicago"" ""data center"" ""announced""","""DataBank"" ""Chicago"" ""facility"" ""commissioned"""
EdgeConneX Chicago - EDCCHI02,EdgeConneX,Elk Grove Village,IL,"2021 Lunt Ave, Elk Grove Village, IL, 60007, USA","""EdgeConneX Chicago - EDCCHI02"" ""EdgeConneX"" ""opening""","""EdgeConneX Chicago - EDCCHI02"" ""Elk Grove Village"" ""data center"" ""announced""","""EdgeConneX"" ""Elk Grove Village"" ""facility"" ""commissioned"""
Centersquare - Chicago ORD1-A,Csquare,Chicago,IL,"350 East Cermak, Chicago, IL, 60616, USA","""Centersquare - Chicago ORD1-A"" ""Csquare"" ""opening""","""Centersquare - Chicago ORD1-A"" ""Chicago"" ""data center"" ""announced""","""Csquare"" ""Chicago"" ""facility"" ""commissioned"""
HydraVault Data Center,HydraVault,Chicago,IL,"2538 S Wabash Ave, Chicago, IL, 60616, USA","""HydraVault Data Center"" ""HydraVault"" ""opening""","""HydraVault Data Center"" ""Chicago"" ""data center"" ""announced""","""HydraVault"" ""Chicago"" ""facility"" ""commissioned"""
SBA Edge Chicago,SBA Edge,West Chicago,IL,"603 Discovery Drive, West Chicago, IL, 60185, USA","""SBA Edge Chicago"" ""SBA Edge"" ""opening""","""SBA Edge Chicago"" ""West Chicago"" ""data center"" ""announced""","""SBA Edge"" ""West Chicago"" ""facility"" ""commissioned"""
Centersquare - Chicago ORD1-D,Csquare,Chicago,IL,"350 E Cermak Rd, Chicago, IL, 60616, USA","""Centersquare - Chicago ORD1-D"" ""Csquare"" ""opening""","""Centersquare - Chicago ORD1-D"" ""Chicago"" ""data center"" ""announced""","""Csquare"" ""Chicago"" ""facility"" ""commissioned"""
CoreSite Chicago (CH1),CoreSite,Chicago,IL,"427 South LaSalle, Chicago, IL, 60605, USA","""CoreSite Chicago (CH1)"" ""CoreSite"" ""opening""","""CoreSite Chicago (CH1)"" ""Chicago"" ""data center"" ""announced""","""CoreSite"" ""Chicago"" ""facility"" ""commissioned"""
Centersquare - Chicago ORD1-C,Csquare,Chicago,IL,"350 E Cermak Rd, Chicago, IL, 60616, USA","""Centersquare - Chicago ORD1-C"" ""Csquare"" ""opening""","""Centersquare - Chicago ORD1-C"" ""Chicago"" ""data center"" ""announced""","""Csquare"" ""Chicago"" ""facility"" ""commissioned"""
FirstComm Data Center,First Communications,Chicago,IL,"601 W Polk St, Chicago, IL, 60607, USA","""FirstComm Data Center"" ""First Communications"" ""opening""","""FirstComm Data Center"" ""Chicago"" ""data center"" ""announced""","""First Communications"" ""Chicago"" ""facility"" ""commissioned"""
ColoCrossing CH1,ColoCrossing,Elk Grove Village,IL,"2200 Busse Road, Elk Grove Village, IL, 60007, USA","""ColoCrossing CH1"" ""ColoCrossing"" ""opening""","""ColoCrossing CH1"" ""Elk Grove Village"" ""data center"" ""announced""","""ColoCrossing"" ""Elk Grove Village"" ""facility"" ""commissioned"""
Metro Edge IMD1,Metro Edge,Chicago,IL,"1951 W Hastings St, Chicago, IL, 60608, USA","""Metro Edge IMD1"" ""Metro Edge"" ""opening""","""Metro Edge IMD1"" ""Chicago"" ""data center"" ""announced""","""Metro Edge"" ""Chicago"" ""facility"" ""commissioned"""
Stream DC Chicago II,Stream Data Centers,Elk Grove Village,IL,"1925 Busse Road, Elk Grove Village, IL, 60007, USA","""Stream DC Chicago II"" ""Stream Data Centers"" ""opening""","""Stream DC Chicago II"" ""Elk Grove Village"" ""data center"" ""announced""","""Stream Data Centers"" ""Elk Grove Village"" ""facility"" ""commissioned"""
H5 Data Centers Chicago,H5 Data Centers,Chicago,IL,"1951 W. Hastings St., Chicago, IL, 60608, USA","""H5 Data Centers Chicago"" ""H5 Data Centers"" ""opening""","""H5 Data Centers Chicago"" ""Chicago"" ""data center"" ""announced""","""H5 Data Centers"" ""Chicago"" ""facility"" ""commissioned"""
CDW Elk Grove Data Center,CDW Corporation,Elk Grove Village,IL,"1441 Touhy Ave, Elk Grove Village, IL, 60007, USA","""CDW Elk Grove Data Center"" ""CDW Corporation"" ""opening""","""CDW Elk Grove Data Center"" ""Elk Grove Village"" ""data center"" ""announced""","""CDW Corporation"" ""Elk Grove Village"" ""facility"" ""commissioned"""
725 S. Wells,1547 Critical Systems Realty,Chicago,IL,"725 S Wells, Chicago, IL, 60607, USA","""725 S. Wells"" ""1547 Critical Systems Realty"" ""opening""","""725 S. Wells"" ""Chicago"" ""data center"" ""announced""","""1547 Critical Systems Realty"" ""Chicago"" ""facility"" ""commissioned"""
STACK Infrastructure CHI01A,STACK INFRASTRUCTURE,Elk Grove Village,IL,"1441 Touhy Ave, Elk Grove Village, IL, 60007, USA","""STACK Infrastructure CHI01A"" ""STACK INFRASTRUCTURE"" ""opening""","""STACK Infrastructure CHI01A"" ""Elk Grove Village"" ""data center"" ""announced""","""STACK INFRASTRUCTURE"" ""Elk Grove Village"" ""facility"" ""commissioned"""
Digital Fortress Chicago,Digital Fortress,Lombard,IL,"360 E 22nd St., Lombard, IL, 60148, USA","""Digital Fortress Chicago"" ""Digital Fortress"" ""opening""","""Digital Fortress Chicago"" ""Lombard"" ""data center"" ""announced""","""Digital Fortress"" ""Lombard"" ""facility"" ""commissioned"""
GDC - Chicago CH3 Data Center,"NTT DATA, Inc.",Itasca,IL,"255 Pierce Rd, Itasca, IL, 60143, USA","""GDC - Chicago CH3 Data Center"" ""NTT DATA, Inc."" ""opening""","""GDC - Chicago CH3 Data Center"" ""Itasca"" ""data center"" ""announced""","""NTT DATA, Inc."" ""Itasca"" ""facility"" ""commissioned"""
GDC - Chicago CH2 Data Center,"NTT DATA, Inc.",Itasca,IL,"275 Pierce Rd, Itasca, IL, 60143, USA","""GDC - Chicago CH2 Data Center"" ""NTT DATA, Inc."" ""opening""","""GDC - Chicago CH2 Data Center"" ""Itasca"" ""data center"" ""announced""","""NTT DATA, Inc."" ""Itasca"" ""facility"" ""commissioned"""
Equinix CH1,Equinix,Chicago,IL,"350 E Cermak Rd, Chicago, IL, 60616, USA","""Equinix CH1"" ""Equinix"" ""opening""","""Equinix CH1"" ""Chicago"" ""data center"" ""announced""","""Equinix"" ""Chicago"" ""facility"" ""commissioned"""
Cogent Data Center - Chicago 3,"Cogent Communications, Inc.",Chicago,IL,"4200 W 40th St, Chicago, IL, 60632, USA","""Cogent Data Center - Chicago 3"" ""Cogent Communications, Inc."" ""opening""","""Cogent Data Center - Chicago 3"" ""Chicago"" ""data center"" ""announced""","""Cogent Communications, Inc."" ""Chicago"" ""facility"" ""commissioned"""
Aligned ORD-01,Aligned Data Centers,Northlake,IL,"505 Northwest Avenue, Northlake, IL, 60164, USA","""Aligned ORD-01"" ""Aligned Data Centers"" ""opening""","""Aligned ORD-01"" ""Northlake"" ""data center"" ""announced""","""Aligned Data Centers"" ""Northlake"" ""facility"" ""commissioned"""
365 Data Centers - Chicago 1,365 Data Centers,Chicago,IL,"427 S La Salle St, Chicago, IL, 60605, USA","""365 Data Centers - Chicago 1"" ""365 Data Centers"" ""opening""","""365 Data Centers - Chicago 1"" ""Chicago"" ""data center"" ""announced""","""365 Data Centers"" ""Chicago"" ""facility"" ""commissioned"""
Microsoft Northlake,Microsoft,Northlake,IL,"601-605 Northwest Ave, Northlake, IL, 60164, USA","""Microsoft Northlake"" ""Microsoft"" ""opening""","""Microsoft Northlake"" ""Northlake"" ""data center"" ""announced""","""Microsoft"" ""Northlake"" ""facility"" ""commissioned"""
711 Ogden Avenue,CloudCenters,Lisle,IL,"711 Ogden Ave, Lisle, IL, 60532, USA","""711 Ogden Avenue"" ""CloudCenters"" ""opening""","""711 Ogden Avenue"" ""Lisle"" ""data center"" ""announced""","""CloudCenters"" ""Lisle"" ""facility"" ""commissioned"""
Centersquare - Chicago ORD2-A,Csquare,Elk Grove Village,IL,"2425 Busse Road, Elk Grove Village, IL, 60007, USA","""Centersquare - Chicago ORD2-A"" ""Csquare"" ""opening""","""Centersquare - Chicago ORD2-A"" ""Elk Grove Village"" ""data center"" ""announced""","""Csquare"" ""Elk Grove Village"" ""facility"" ""commissioned"""
Ascent CH2,Ascent,Northlake,IL,"505 N Railroad Ave, Northlake, IL, 60164, USA","""Ascent CH2"" ""Ascent"" ""opening""","""Ascent CH2"" ""Northlake"" ""data center"" ""announced""","""Ascent"" ""Northlake"" ""facility"" ""commissioned"""
CyrusOne CHI6 - Wood Dale,CyrusOne Data Centers,Wood Dale,IL,"Bryn Mawr Ave & Pine Ave, Wood Dale, IL, 60106, USA","""CyrusOne CHI6 - Wood Dale"" ""CyrusOne Data Centers"" ""opening""","""CyrusOne CHI6 - Wood Dale"" ""Wood Dale"" ""data center"" ""announced""","""CyrusOne Data Centers"" ""Wood Dale"" ""facility"" ""commissioned"""
CoreWeave Hammond,CoreWeave,Hammond,IL,"301 Digital Xrds Dr, Hammond, IL, 46320, USA","""CoreWeave Hammond"" ""CoreWeave"" ""opening""","""CoreWeave Hammond"" ""Hammond"" ""data center"" ""announced""","""CoreWeave"" ""Hammond"" ""facility"" ""commissioned"""
CloudHQ ORD Campus,CloudHQ,Des Plaines,IL,"1200 E Algonquin Rd, Des Plaines, IL, 60016, USA","""CloudHQ ORD Campus"" ""CloudHQ"" ""opening""","""CloudHQ ORD Campus"" ""Des Plaines"" ""data center"" ""announced""","""CloudHQ"" ""Des Plaines"" ""facility"" ""commissioned"""
STACK Infrastructure CHI02,STACK INFRASTRUCTURE,Elk Grove Village,IL,"1830 Jarvis Ave, Elk Grove Village, IL, 60007, USA","""STACK Infrastructure CHI02"" ""STACK INFRASTRUCTURE"" ""opening""","""STACK Infrastructure CHI02"" ""Elk Grove Village"" ""data center"" ""announced""","""STACK INFRASTRUCTURE"" ""Elk Grove Village"" ""facility"" ""commissioned"""
Rackspace Chicago,Rackspace Hosting,Elk Grove Village,IL,"2200 Busse Road, Elk Grove Village, IL, 60007, USA","""Rackspace Chicago"" ""Rackspace Hosting"" ""opening""","""Rackspace Chicago"" ""Elk Grove Village"" ""data center"" ""announced""","""Rackspace Hosting"" ""Elk Grove Village"" ""facility"" ""commissioned"""
Chirisa Volo Technology Park YLO-02,Chirisa,Volo,IL,"300 South Fish Lake Rd, Volo, IL, 60073, USA","""Chirisa Volo Technology Park YLO-02"" ""Chirisa"" ""opening""","""Chirisa Volo Technology Park YLO-02"" ""Volo"" ""data center"" ""announced""","""Chirisa"" ""Volo"" ""facility"" ""commissioned"""
Chirisa Volo Technology Park YLO-01,Chirisa,Volo,IL,"300 South Fish Lake Rd, Volo, IL, 60073, USA","""Chirisa Volo Technology Park YLO-01"" ""Chirisa"" ""opening""","""Chirisa Volo Technology Park YLO-01"" ""Volo"" ""data center"" ""announced""","""Chirisa"" ""Volo"" ""facility"" ""commissioned"""
Chicago Board of Trade Building,"Apollo Global Management, Inc.",Chicago,IL,"141 West Jackson, Chicago, IL, 60604, USA","""Chicago Board of Trade Building"" ""Apollo Global Management, Inc."" ""opening""","""Chicago Board of Trade Building"" ""Chicago"" ""data center"" ""announced""","""Apollo Global Management, Inc."" ""Chicago"" ""facility"" ""commissioned"""
1808 Swift Drive,CenterPoint Properties,Oak Brook,IL,"1808 Swift Drive, Oak Brook, IL, 60523, USA","""1808 Swift Drive"" ""CenterPoint Properties"" ""opening""","""1808 Swift Drive"" ""Oak Brook"" ""data center"" ""announced""","""CenterPoint Properties"" ""Oak Brook"" ""facility"" ""commissioned"""
360TCS Data Center,360 Technology Center Solutions,Lombard,IL,"360 E. 22nd St., Lombard, IL, 60148, USA","""360TCS Data Center"" ""360 Technology Center Solutions"" ""opening""","""360TCS Data Center"" ""Lombard"" ""data center"" ""announced""","""360 Technology Center Solutions"" ""Lombard"" ""facility"" ""commissioned"""
XNet Critical Computing Facility,"XNet Information Systems, Inc.",Lisle,IL,"3080 Ogden Ave, Lisle, IL, 60532, USA","""XNet Critical Computing Facility"" ""XNet Information Systems, Inc."" ""opening""","""XNet Critical Computing Facility"" ""Lisle"" ""data center"" ""announced""","""XNet Information Systems, Inc."" ""Lisle"" ""facility"" ""commissioned"""
Centersquare - Chicago ORD1-B,Csquare,Chicago,IL,"350 East Cermak, Chicago, IL, 60609, USA","""Centersquare - Chicago ORD1-B"" ""Csquare"" ""opening""","""Centersquare - Chicago ORD1-B"" ""Chicago"" ""data center"" ""announced""","""Csquare"" ""Chicago"" ""facility"" ""commissioned"""
Midway Technology Center,1547 Critical Systems Realty,Chicago,IL,"40 E Garfield Blvd, Chicago, IL, 60615, USA","""Midway Technology Center"" ""1547 Critical Systems Realty"" ""opening""","""Midway Technology Center"" ""Chicago"" ""data center"" ""announced""","""1547 Critical Systems Realty"" ""Chicago"" ""facility"" ""commissioned"""
NetSource Naperville 1,"NetSource Communications, Inc.",Naperville,IL,"2368 Corporate Lane, Naperville, IL, 60563, USA","""NetSource Naperville 1"" ""NetSource Communications, Inc."" ""opening""","""NetSource Naperville 1"" ""Naperville"" ""data center"" ""announced""","""NetSource Communications, Inc."" ""Naperville"" ""facility"" ""commissioned"""
T5 Data Centers - T5@Chicago V,T5 Data Centers,TBA Elk Grove Village,IL,"TBA Elk Grove Village, IL, USA","""T5 Data Centers - T5@Chicago V"" ""T5 Data Centers"" ""opening""","""T5 Data Centers - T5@Chicago V"" ""TBA Elk Grove Village"" ""data center"" ""announced""","""T5 Data Centers"" ""TBA Elk Grove Village"" ""facility"" ""commissioned"""
Chirisa Volo Technology Park,Chirisa,Volo,IL,"300 South Fish Lake Rd, Volo, IL, 60073, USA","""Chirisa Volo Technology Park"" ""Chirisa"" ""opening""","""Chirisa Volo Technology Park"" ""Volo"" ""data center"" ""announced""","""Chirisa"" ""Volo"" ""facility"" ""commissioned"""
Stream DC Chicago III,Stream Data Centers,Elk Grove Village,IL,"2000 Landmeier Rd, Elk Grove Village, IL, 60007, USA","""Stream DC Chicago III"" ""Stream Data Centers"" ""opening""","""Stream DC Chicago III"" ""Elk Grove Village"" ""data center"" ""announced""","""Stream Data Centers"" ""Elk Grove Village"" ""facility"" ""commissioned"""
ColoHouse Chicago Cermak,ColoHouse,Chicago,IL,"350 E Cermak, Chicago, IL, 60616, USA","""ColoHouse Chicago Cermak"" ""ColoHouse"" ""opening""","""ColoHouse Chicago Cermak"" ""Chicago"" ""data center"" ""announced""","""ColoHouse"" ""Chicago"" ""facility"" ""commissioned"""
Naperville Data Center,KARIS Critical,Naperville,IL,"1940 Lucent Ln, Naperville, IL, 60563, USA","""Naperville Data Center"" ""KARIS Critical"" ""opening""","""Naperville Data Center"" ""Naperville"" ""data center"" ""announced""","""KARIS Critical"" ""Naperville"" ""facility"" ""commissioned"""
CloudHQ ORD2,CloudHQ,Des Plaines,IL,"1200 E Algonquin Rd, Des Plaines, IL, 60016, USA","""CloudHQ ORD2"" ""CloudHQ"" ""opening""","""CloudHQ ORD2"" ""Des Plaines"" ""data center"" ""announced""","""CloudHQ"" ""Des Plaines"" ""facility"" ""commissioned"""
T5 Data Centers - T5@Grayslake Campus,T5 Data Centers,Grayslake,IL,"30907 N Alleghany Rd, Grayslake, IL, 60030, USA","""T5 Data Centers - T5@Grayslake Campus"" ""T5 Data Centers"" ""opening""","""T5 Data Centers - T5@Grayslake Campus"" ""Grayslake"" ""data center"" ""announced""","""T5 Data Centers"" ""Grayslake"" ""facility"" ""commissioned"""
Microsoft Hoffman Estates - Building 2,Microsoft,Hoffman Estates,IL,"Lakewood Blvd, Hoffman Estates, IL, 60192, USA","""Microsoft Hoffman Estates - Building 2"" ""Microsoft"" ""opening""","""Microsoft Hoffman Estates - Building 2"" ""Hoffman Estates"" ""data center"" ""announced""","""Microsoft"" ""Hoffman Estates"" ""facility"" ""commissioned"""
T5 Data Centers - T5@Chicago III,T5 Data Centers,Northlake,IL,"11650 W Grand Ave, Northlake, IL, 60164, USA","""T5 Data Centers - T5@Chicago III"" ""T5 Data Centers"" ""opening""","""T5 Data Centers - T5@Chicago III"" ""Northlake"" ""data center"" ""announced""","""T5 Data Centers"" ""Northlake"" ""facility"" ""commissioned"""
Aligned ORD-03,Aligned Data Centers,Elk Grove Village,IL,"50 NW Point Blvd, Elk Grove Village, IL, 60007, USA","""Aligned ORD-03"" ""Aligned Data Centers"" ""opening""","""Aligned ORD-03"" ""Elk Grove Village"" ""data center"" ""announced""","""Aligned Data Centers"" ""Elk Grove Village"" ""facility"" ""commissioned"""
Aligned ORD-04,Aligned Data Centers,Elk Grove Village,IL,"150 NW Point Blvd, Elk Grove Village, IL, 60007, USA","""Aligned ORD-04"" ""Aligned Data Centers"" ""opening""","""Aligned ORD-04"" ""Elk Grove Village"" ""data center"" ""announced""","""Aligned Data Centers"" ""Elk Grove Village"" ""facility"" ""commissioned"""
CloudHQ ORD3,CloudHQ,Des Plaines,IL,"1200 E Algonquin Rd, Des Plaines, IL, 60016, USA","""CloudHQ ORD3"" ""CloudHQ"" ""opening""","""CloudHQ ORD3"" ""Des Plaines"" ""data center"" ""announced""","""CloudHQ"" ""Des Plaines"" ""facility"" ""commissioned"""
Microsoft Hoffman Estates Campus,Microsoft,Hoffman Estates,IL,"Lakewood Blvd, Hoffman Estates, IL, 60192, USA","""Microsoft Hoffman Estates Campus"" ""Microsoft"" ""opening""","""Microsoft Hoffman Estates Campus"" ""Hoffman Estates"" ""data center"" ""announced""","""Microsoft"" ""Hoffman Estates"" ""facility"" ""commissioned"""
Microsoft Elk Grove Campus,Microsoft,Elk Grove Village,IL,"Elk Grove Technology Park, Innovation Dr & Oakton St, Elk Grove Village, IL, 60007, USA","""Microsoft Elk Grove Campus"" ""Microsoft"" ""opening""","""Microsoft Elk Grove Campus"" ""Elk Grove Village"" ""data center"" ""announced""","""Microsoft"" ""Elk Grove Village"" ""facility"" ""commissioned"""
Microsoft Hoffman Estates - Building 1,Microsoft,Hoffman Estates,IL,"Lakewood Blvd, Hoffman Estates, IL, 60192, USA","""Microsoft Hoffman Estates - Building 1"" ""Microsoft"" ""opening""","""Microsoft Hoffman Estates - Building 1"" ""Hoffman Estates"" ""data center"" ""announced""","""Microsoft"" ""Hoffman Estates"" ""facility"" ""commissioned"""
CloudHQ ORD1,CloudHQ,Des Plaines,IL,"1200 E Algonquin Rd, Des Plaines, IL, 60016, USA","""CloudHQ ORD1"" ""CloudHQ"" ""opening""","""CloudHQ ORD1"" ""Des Plaines"" ""data center"" ""announced""","""CloudHQ"" ""Des Plaines"" ""facility"" ""commissioned"""
Aligned ORD-02,Aligned Data Centers,Northlake,IL,"505 Northwest Avenue, Northlake, IL, 60164, USA","""Aligned ORD-02"" ""Aligned Data Centers"" ""opening""","""Aligned ORD-02"" ""Northlake"" ""data center"" ""announced""","""Aligned Data Centers"" ""Northlake"" ""facility"" ""commissioned"""
HW Technology Park,Hillwood Development Company,Joliet,IL,"Millsdale Rd / Schweitzer Rd, Joliet, IL, 60421, USA","""HW Technology Park"" ""Hillwood Development Company"" ""opening""","""HW Technology Park"" ""Joliet"" ""data center"" ""announced""","""Hillwood Development Company"" ""Joliet"" ""facility"" ""commissioned"""
ColoHouse Chicago Wells,ColoHouse,Chicago,IL,"725 S Wells Street, Chicago, IL, 60607, USA","""ColoHouse Chicago Wells"" ""ColoHouse"" ""opening""","""ColoHouse Chicago Wells"" ""Chicago"" ""data center"" ""announced""","""ColoHouse"" ""Chicago"" ""facility"" ""commissioned"""
Equinix CH5,Equinix,Elk Grove Village,IL,"2001 Lunt Ave, Elk Grove Village, IL, 60007, USA","""Equinix CH5"" ""Equinix"" ""opening""","""Equinix CH5"" ""Elk Grove Village"" ""data center"" ""announced""","""Equinix"" ""Elk Grove Village"" ""facility"" ""commissioned"""
CDC - Chicago CH5 Data Center,"NTT DATA, Inc.",Itasca,IL,"1250 N Arlington Heights Rd, Itasca, IL, 60143, USA","""CDC - Chicago CH5 Data Center"" ""NTT DATA, Inc."" ""opening""","""CDC - Chicago CH5 Data Center"" ""Itasca"" ""data center"" ""announced""","""NTT DATA, Inc."" ""Itasca"" ""facility"" ""commissioned"""
EdgeConneX Chicago - EDCCHI01,EdgeConneX,Elk Grove Village,IL,"1800 Nicholas Blvd, Elk Grove Village, IL, 60007, USA","""EdgeConneX Chicago - EDCCHI01"" ""EdgeConneX"" ""opening""","""EdgeConneX Chicago - EDCCHI01"" ""Elk Grove Village"" ""data center"" ""announced""","""EdgeConneX"" ""Elk Grove Village"" ""facility"" ""commissioned"""
Chicago Exchange,Menlo Digital,Chicago,IL,"601 W. Polk St, Chicago, IL, 60605, USA","""Chicago Exchange"" ""Menlo Digital"" ""opening""","""Chicago Exchange"" ""Chicago"" ""data center"" ""announced""","""Menlo Digital"" ""Chicago"" ""facility"" ""commissioned"""
Colovore ORD01,Colovore,TBA Aurora,IL,"TBA Aurora, IL, USA","""Colovore ORD01"" ""Colovore"" ""opening""","""Colovore ORD01"" ""TBA Aurora"" ""data center"" ""announced""","""Colovore"" ""TBA Aurora"" ""facility"" ""commissioned"""
FDCservers.net,FDCservers.net LLC,Chicago,IL,"141 West Jackson Blvd., Chicago, IL, 60604, USA","""FDCservers.net"" ""FDCservers.net LLC"" ""opening""","""FDCservers.net"" ""Chicago"" ""data center"" ""announced""","""FDCservers.net LLC"" ""Chicago"" ""facility"" ""commissioned"""
LexisNexis Oak Brook,LexisNexis,Oak Brook,IL,"1808 Swift Dr, Oak Brook, IL, 60523, USA","""LexisNexis Oak Brook"" ""LexisNexis"" ""opening""","""LexisNexis Oak Brook"" ""Oak Brook"" ""data center"" ""announced""","""LexisNexis"" ""Oak Brook"" ""facility"" ""commissioned"""
Connect Chicago,Connect Data Centers by Oppidan,Carol Stream,IL,"245 Kehoe Blvd, Carol Stream, IL, 60188, USA","""Connect Chicago"" ""Connect Data Centers by Oppidan"" ""opening""","""Connect Chicago"" ""Carol Stream"" ""data center"" ""announced""","""Connect Data Centers by Oppidan"" ""Carol Stream"" ""facility"" ""commissioned"""
Edged Chicago ORD3,Edged Energy,Aurora,IL,"2725 Bilter Rd, Aurora, IL, 60502, USA","""Edged Chicago ORD3"" ""Edged Energy"" ""opening""","""Edged Chicago ORD3"" ""Aurora"" ""data center"" ""announced""","""Edged Energy"" ""Aurora"" ""facility"" ""commissioned"""
Edged Chicago ORD2,Edged Energy,Aurora,IL,"2835 Bilter Rd, Aurora, IL, 60502, USA","""Edged Chicago ORD2"" ""Edged Energy"" ""opening""","""Edged Chicago ORD2"" ""Aurora"" ""data center"" ""announced""","""Edged Energy"" ""Aurora"" ""facility"" ""commissioned"""
Edged Chicago ORD1,Edged Energy,Aurora,IL,"2815 Bilter Rd, Aurora, IL, 60502, USA","""Edged Chicago ORD1"" ""Edged Energy"" ""opening""","""Edged Chicago ORD1"" ""Aurora"" ""data center"" ""announced""","""Edged Energy"" ""Aurora"" ""facility"" ""commissioned"""
8080 S DuSable Lake Shore Drive,Related Digital,Chicago,IL,"8080 S DuSable Lake Shore Dr, Chicago, IL, 60617, USA","""8080 S DuSable Lake Shore Drive"" ""Related Digital"" ""opening""","""8080 S DuSable Lake Shore Drive"" ""Chicago"" ""data center"" ""announced""","""Related Digital"" ""Chicago"" ""facility"" ""commissioned"""
Meta DeKalb Campus,Meta,DeKalb,IL,"1550-2050 Metaverse Wy, DeKalb, IL, 60115, USA","""Meta DeKalb Campus"" ""Meta"" ""opening""","""Meta DeKalb Campus"" ""DeKalb"" ""data center"" ""announced""","""Meta"" ""DeKalb"" ""facility"" ""commissioned"""
Compass Hoffman Estates,Compass Datacenters,Hoffman Estates,IL,"3333 Beverly Rd, Hoffman Estates, IL, 60179, USA","""Compass Hoffman Estates"" ""Compass Datacenters"" ""opening""","""Compass Hoffman Estates"" ""Hoffman Estates"" ""data center"" ""announced""","""Compass Datacenters"" ""Hoffman Estates"" ""facility"" ""commissioned"""
Microsoft Plano (IL),Microsoft,Plano,IL,"Eldamain Rd & Corneils Rd, Plano, IL, 60545, USA","""Microsoft Plano (IL)"" ""Microsoft"" ""opening""","""Microsoft Plano (IL)"" ""Plano"" ""data center"" ""announced""","""Microsoft"" ""Plano"" ""facility"" ""commissioned"""
Morris Technology Park,Tract,Morris,IL,"US-6 & County Rd 2000 E, Morris, IL, 60450, USA","""Morris Technology Park"" ""Tract"" ""opening""","""Morris Technology Park"" ""Morris"" ""data center"" ""announced""","""Tract"" ""Morris"" ""facility"" ""commissioned"""
Lumen Chicago 3,Lumen,Chicago,IL,"200 N LaSalle St, Chicago, IL, 60601, USA","""Lumen Chicago 3"" ""Lumen"" ""opening""","""Lumen Chicago 3"" ""Chicago"" ""data center"" ""announced""","""Lumen"" ""Chicago"" ""facility"" ""commissioned"""
Lumen South Holland 1,Lumen,South Holland,IL,"200 E 166th St, South Holland, IL, 60473, USA","""Lumen South Holland 1"" ""Lumen"" ""opening""","""Lumen South Holland 1"" ""South Holland"" ""data center"" ""announced""","""Lumen"" ""South Holland"" ""facility"" ""commissioned"""
GigeNET Chicago,Gigenet,Arlington Heights,IL,"545 E. Algonquin Rd., Arlington Heights, IL, 60005, USA","""GigeNET Chicago"" ""Gigenet"" ""opening""","""GigeNET Chicago"" ""Arlington Heights"" ""data center"" ""announced""","""Gigenet"" ""Arlington Heights"" ""facility"" ""commissioned"""
Volico Chicago,Volico Data Center,Chicago,IL,"350 E Cermak Rd, Chicago, IL, 60616, USA","""Volico Chicago"" ""Volico Data Center"" ""opening""","""Volico Chicago"" ""Chicago"" ""data center"" ""announced""","""Volico Data Center"" ""Chicago"" ""facility"" ""commissioned"""
NaviSite Chicago,"NaviSite, Inc.",Chicago,IL,"725 S Wells, Chicago, IL, 60610, USA","""NaviSite Chicago"" ""NaviSite, Inc."" ""opening""","""NaviSite Chicago"" ""Chicago"" ""data center"" ""announced""","""NaviSite, Inc."" ""Chicago"" ""facility"" ""commissioned"""
Lumen Chicago 2,Lumen,Chicago,IL,"900 N. Kingsbury Street, Chicago, IL, 60610, USA","""Lumen Chicago 2"" ""Lumen"" ""opening""","""Lumen Chicago 2"" ""Chicago"" ""data center"" ""announced""","""Lumen"" ""Chicago"" ""facility"" ""commissioned"""
